what,kind,bundleId,bundleVersion,description,time
started,bundle,org.eclipse.ecf.provider.filetransfer,3.0.0.v20090604-1131,"org.eclipse.ecf.provider.filetransfer",1295429829531
started,bundle,org.eclipse.ecf.provider.filetransfer.httpclient,3.0.0.v20090604-1131,"org.eclipse.ecf.provider.filetransfer.httpclient",1295429829531
started,bundle,org.eclipse.emf.common,2.5.0.v200906151043,"org.eclipse.emf.common",1295429829531
started,bundle,org.eclipse.emf.ecore,2.5.0.v200906151043,"org.eclipse.emf.ecore",1295429829531
started,bundle,org.eclipse.emf.ecore.xmi,2.5.0.v200906151043,"org.eclipse.emf.ecore.xmi",1295429829531
started,bundle,org.eclipse.emf.mapping.ecore2xml,2.5.0.v200906151043,"org.eclipse.emf.mapping.ecore2xml",1295429829546
started,bundle,org.eclipse.equinox.app,1.2.0.v20090520-1800,"org.eclipse.equinox.app",1295429829546
started,bundle,org.eclipse.equinox.common,3.5.0.v20090520-1800,"org.eclipse.equinox.common",1295429829546
started,bundle,org.eclipse.equinox.ds,1.1.0.v20090601,"org.eclipse.equinox.ds",1295429829546
started,bundle,org.eclipse.equinox.frameworkadmin,1.0.100.v20090520-1905,"org.eclipse.equinox.frameworkadmin",1295429829546
started,bundle,org.eclipse.equinox.frameworkadmin.equinox,1.0.100.v20090520-1905,"org.eclipse.equinox.frameworkadmin.equinox",1295429829546
started,bundle,org.eclipse.equinox.p2.core,1.0.100.v20090520-1905,"org.eclipse.equinox.p2.core",1295429829546
started,bundle,org.eclipse.equinox.p2.director,1.0.100.v20090520-1905,"org.eclipse.equinox.p2.director",1295429829546
started,bundle,org.eclipse.equinox.p2.directorywatcher,1.0.100.v20090525,"org.eclipse.equinox.p2.directorywatcher",1295429829546
started,bundle,org.eclipse.equinox.p2.engine,1.0.100.v20090525,"org.eclipse.equinox.p2.engine",1295429829546
started,bundle,org.eclipse.equinox.p2.exemplarysetup,1.0.100.v20090520-1905,"org.eclipse.equinox.p2.exemplarysetup",1295429829546
started,bundle,org.eclipse.equinox.p2.garbagecollector,1.0.100.v20090520-1905,"org.eclipse.equinox.p2.garbagecollector",1295429829546
started,bundle,org.eclipse.equinox.p2.metadata.repository,1.0.100.v20090525,"org.eclipse.equinox.p2.metadata.repository",1295429829562
started,bundle,org.eclipse.equinox.p2.reconciler.dropins,1.0.100.v20090520-1905,"org.eclipse.equinox.p2.reconciler.dropins",1295429829562
started,bundle,org.eclipse.equinox.p2.repository,1.0.0.v20090601-1921,"org.eclipse.equinox.p2.repository",1295429829562
started,bundle,org.eclipse.equinox.p2.ui.sdk.scheduler,1.0.0.v20090520-1905,"org.eclipse.equinox.p2.ui.sdk.scheduler",1295429829562
started,bundle,org.eclipse.equinox.p2.updatechecker,1.1.0.v20090520-1905,"org.eclipse.equinox.p2.updatechecker",1295429829562
started,bundle,org.eclipse.equinox.preferences,3.2.300.v20090520-1800,"org.eclipse.equinox.preferences",1295429829562
started,bundle,org.eclipse.equinox.registry,3.4.100.v20090520-1800,"org.eclipse.equinox.registry",1295429829562
started,bundle,org.eclipse.equinox.security,1.0.100.v20090520-1800,"org.eclipse.equinox.security",1295429829562
started,bundle,org.eclipse.equinox.security.ui,1.0.100.v20090520-1800,"org.eclipse.equinox.security.ui",1295429829562
started,bundle,org.eclipse.equinox.simpleconfigurator.manipulator,1.0.100.v20090520-1905,"org.eclipse.equinox.simpleconfigurator.manipulator",1295429829562
started,bundle,org.eclipse.equinox.util,1.0.100.v20090520-1800,"org.eclipse.equinox.util",1295429829562
started,bundle,org.eclipse.gmf.xpand.migration,1.0.0.v20090608-0720,"org.eclipse.gmf.xpand.migration",1295429829562
started,bundle,org.eclipse.help,3.4.0.v20090526,"org.eclipse.help",1295429829562
started,bundle,org.eclipse.jdt.core,3.5.0.v_963,"org.eclipse.jdt.core",1295429829562
started,bundle,org.eclipse.jdt.core.manipulation,1.3.0.v20090603,"org.eclipse.jdt.core.manipulation",1295429829562
started,bundle,org.eclipse.jdt.launching,3.5.0.v20090527,"org.eclipse.jdt.launching",1295429829562
started,bundle,org.eclipse.jdt.ui,3.5.0.v20090604,"org.eclipse.jdt.ui",1295429829578
started,bundle,org.eclipse.jet.ui,1.0.0.v200906120900,"org.eclipse.jet.ui",1295429829578
started,bundle,org.eclipse.jface,3.5.0.I20090525-2000,"org.eclipse.jface",1295429829578
started,bundle,org.eclipse.jpt.core,2.2.1.v200908270220,"org.eclipse.jpt.core",1295429829578
started,bundle,org.eclipse.jpt.eclipselink.core,1.2.0.v200905310000,"org.eclipse.jpt.eclipselink.core",1295429829578
started,bundle,org.eclipse.jsch.core,1.1.100.I20090430-0408,"org.eclipse.jsch.core",1295429829578
started,bundle,org.eclipse.jst.jsp.ui,1.1.401.v200908111935,"org.eclipse.jst.jsp.ui",1295429829578
started,bundle,org.eclipse.ltk.core.refactoring,3.5.0.v20090513-2000,"org.eclipse.ltk.core.refactoring",1295429829578
started,bundle,org.eclipse.ltk.ui.refactoring,3.4.100.v20090604,"org.eclipse.ltk.ui.refactoring",1295429829578
started,bundle,org.eclipse.mylyn.bugzilla.core,3.3.1.v20091215-0000-e3x,"org.eclipse.mylyn.bugzilla.core",1295429829578
started,bundle,org.eclipse.mylyn.bugzilla.ui,3.3.1.v20091215-0000-e3x,"org.eclipse.mylyn.bugzilla.ui",1295429829578
started,bundle,org.eclipse.mylyn.commons.net,3.3.0.v20091013-0200-e3x,"org.eclipse.mylyn.commons.net",1295429829578
started,bundle,org.eclipse.mylyn.commons.ui,3.3.1.v20091215-0000-e3x,"org.eclipse.mylyn.commons.ui",1295429829578
started,bundle,org.eclipse.mylyn.context.core,3.3.1.v20091215-0000-e3x,"org.eclipse.mylyn.context.core",1295429829578
started,bundle,org.eclipse.mylyn.context.ui,3.3.1.v20091215-0000-e3x,"org.eclipse.mylyn.context.ui",1295429829578
started,bundle,org.eclipse.mylyn.monitor.ui,3.3.1.v20091215-0000-e3x,"org.eclipse.mylyn.monitor.ui",1295429829578
started,bundle,org.eclipse.mylyn.tasks.ui,3.3.1.v20091215-0000-e3x,"org.eclipse.mylyn.tasks.ui",1295429829593
started,bundle,org.eclipse.mylyn.team.ui,3.3.1.v20091215-0000-e3x,"org.eclipse.mylyn.team.ui",1295429829593
started,bundle,org.eclipse.pde.ui,3.5.0.v20090528,"org.eclipse.pde.ui",1295429829593
started,bundle,org.eclipse.team.core,3.5.0.I20090527-0620,"org.eclipse.team.core",1295429829593
started,bundle,org.eclipse.team.cvs.core,3.3.200.I20090430-0408,"org.eclipse.team.cvs.core",1295429829593
started,bundle,org.eclipse.team.cvs.ui,3.3.200.I20090521-1750,"org.eclipse.team.cvs.ui",1295429829593
started,bundle,org.eclipse.team.ui,3.5.0.I20090430-0408,"org.eclipse.team.ui",1295429829593
started,bundle,org.eclipse.ui,3.5.0.I20090604-2000,"org.eclipse.ui",1295429829593
started,bundle,org.eclipse.ui.console,3.4.0.v20090513,"org.eclipse.ui.console",1295429829593
started,bundle,org.eclipse.ui.editors,3.5.0.v20090527-2000,"org.eclipse.ui.editors",1295429829593
started,bundle,org.eclipse.ui.forms,3.4.0.v20090526,"org.eclipse.ui.forms",1295429829593
started,bundle,org.eclipse.ui.ide,3.5.0.I20090525-2000,"org.eclipse.ui.ide",1295429829593
started,bundle,org.eclipse.ui.net,1.2.0.I20090430-0408,"org.eclipse.ui.net",1295429829593
started,bundle,org.eclipse.ui.views,3.4.0.I20090525-2000,"org.eclipse.ui.views",1295429829593
started,bundle,org.eclipse.ui.views.log,1.0.100.v20090527,"org.eclipse.ui.views.log",1295429829609
started,bundle,org.eclipse.ui.workbench,3.5.0.I20090603-2000,"org.eclipse.ui.workbench",1295429829609
started,bundle,org.eclipse.ui.workbench.texteditor,3.5.0.v20090603,"org.eclipse.ui.workbench.texteditor",1295429829609
started,bundle,org.eclipse.uml2.diagram.common,0.9.0.v200906190654,"org.eclipse.uml2.diagram.common",1295429829609
started,bundle,org.eclipse.uml2.uml,3.0.1.v200908281330,"org.eclipse.uml2.uml",1295429829609
started,bundle,org.eclipse.update.configurator,3.3.0.v20090312,"org.eclipse.update.configurator",1295429829609
started,bundle,org.eclipse.update.core,3.2.300.v20090525,"org.eclipse.update.core",1295429829609
started,bundle,org.eclipse.update.scheduler,3.2.200.v20081127,"org.eclipse.update.scheduler",1295429829609
started,bundle,org.eclipse.wst.command.env,1.0.408.v200903110045,"org.eclipse.wst.command.env",1295429829609
started,bundle,org.eclipse.wst.common.emf,1.1.301.v200908181930,"org.eclipse.wst.common.emf",1295429829609
started,bundle,org.eclipse.wst.common.emfworkbench.integration,1.1.301.v200908101600,"org.eclipse.wst.common.emfworkbench.integration",1295429829609
started,bundle,org.eclipse.wst.common.frameworks,1.1.300.v200904160730,"org.eclipse.wst.common.frameworks",1295429829609
started,bundle,org.eclipse.wst.common.frameworks.ui,1.1.301.v200908101600,"org.eclipse.wst.common.frameworks.ui",1295429829609
started,bundle,org.eclipse.wst.common.uriresolver,1.1.301.v200805140415,"org.eclipse.wst.common.uriresolver",1295429829609
started,bundle,org.eclipse.wst.dtd.core,1.1.300.v200904181727,"org.eclipse.wst.dtd.core",1295429829609
started,bundle,org.eclipse.wst.dtd.ui,1.0.400.v200904300717,"org.eclipse.wst.dtd.ui",1295429829625
started,bundle,org.eclipse.wst.html.ui,1.0.401.v200908111935,"org.eclipse.wst.html.ui",1295429829625
started,bundle,org.eclipse.wst.internet.cache,1.0.301.v200805140020,"org.eclipse.wst.internet.cache",1295429829625
started,bundle,org.eclipse.wst.ws,1.1.103.v200903111822,"org.eclipse.wst.ws",1295429829625
started,bundle,org.eclipse.wst.ws.service.policy,1.0.103.v200905151848,"org.eclipse.wst.ws.service.policy",1295429829625
started,bundle,org.eclipse.wst.ws.service.policy.ui,1.0.102.v200903070248,"org.eclipse.wst.ws.service.policy.ui",1295429829625
started,bundle,org.eclipse.wst.wsi.ui,1.0.500.v200901141851,"org.eclipse.wst.wsi.ui",1295429829625
started,bundle,org.eclipse.wst.xsd.core,1.1.401.v200903020335,"org.eclipse.wst.xsd.core",1295429829625
started,bundle,org.eclipse.wst.xsl.core,1.0.1.v200908101420,"org.eclipse.wst.xsl.core",1295429829625
started,bundle,org.eclipse.xsd,2.5.0.v200906151043,"org.eclipse.xsd",1295429829625
started,bundle,org.eclipse.xtend.shared.ui,0.7.2.v200908120436,"org.eclipse.xtend.shared.ui",1295429829625
started,bundle,org.eclipse.xtend.typesystem.emf.ui,0.7.2.v200908120436,"org.eclipse.xtend.typesystem.emf.ui",1295429829625
started,bundle,org.eclipse.xtend.typesystem.uml2.ui,0.7.2.v200908120436,"org.eclipse.xtend.typesystem.uml2.ui",1295429829625
started,bundle,org.eclipse.xtend.typesystem.xsd.ui,0.7.2.v200908120436,"org.eclipse.xtend.typesystem.xsd.ui",1295429829625
started,bundle,org.jboss.tools.flow.jpdl4,1.0.0.v200907072256,"org.jboss.tools.flow.jpdl4",1295429829625
started,bundle,org.jboss.tools.flow.jpdl4.multipage,1.0.0.v200907072256,"org.jboss.tools.flow.jpdl4.multipage",1295429829625
started,bundle,org.eclipse.emf.validation,1.4.0.v20100428-2315,"org.eclipse.emf.validation",1295429829625
started,bundle,org.eclipse.jem,2.0.301.v201001252130,"org.eclipse.jem",1295429829625
started,bundle,org.eclipse.jem.util,2.0.201.v201001252130,"org.eclipse.jem.util",1295429829625
started,bundle,org.eclipse.jem.workbench,2.0.201.v200911302230,"org.eclipse.jem.workbench",1295429829625
started,bundle,org.eclipse.jst.common.frameworks,1.1.301.v201001252130,"org.eclipse.jst.common.frameworks",1295429829625
started,bundle,org.eclipse.jst.common.project.facet.core,1.4.1.v200911141836,"org.eclipse.jst.common.project.facet.core",1295429829625
started,bundle,org.eclipse.jst.j2ee,1.1.301.v201001272230,"org.eclipse.jst.j2ee",1295429829640
started,bundle,org.eclipse.jst.j2ee.core,1.1.301.v200911302230,"org.eclipse.jst.j2ee.core",1295429829640
started,bundle,org.eclipse.jst.j2ee.ejb,1.1.301.v201001252130,"org.eclipse.jst.j2ee.ejb",1295429829640
started,bundle,org.eclipse.jst.j2ee.jca,1.1.301.v201001252130,"org.eclipse.jst.j2ee.jca",1295429829640
started,bundle,org.eclipse.jst.j2ee.web,1.1.301.v200911302230,"org.eclipse.jst.j2ee.web",1295429829640
started,bundle,org.eclipse.jst.jee,1.0.201.v201002021055,"org.eclipse.jst.jee",1295429829640
started,bundle,org.eclipse.jst.jsf.common,1.1.9.v201001271707,"org.eclipse.jst.jsf.common",1295429829640
started,bundle,org.eclipse.jst.jsf.core,1.2.5.v201001271707,"org.eclipse.jst.jsf.core",1295429829640
started,bundle,org.eclipse.jst.jsf.ui,1.2.3.v201001271707,"org.eclipse.jst.jsf.ui",1295429829640
started,bundle,org.eclipse.jst.jsp.core,1.2.204.v201001270045,"org.eclipse.jst.jsp.core",1295429829640
started,bundle,org.eclipse.jst.server.core,1.2.1.v20100127,"org.eclipse.jst.server.core",1295429829640
started,bundle,org.eclipse.wst.common.modulecore,1.1.301.v201001252130,"org.eclipse.wst.common.modulecore",1295429829640
started,bundle,org.eclipse.wst.common.project.facet.core,1.4.1.v200911141735,"org.eclipse.wst.common.project.facet.core",1295429829640
started,bundle,org.eclipse.wst.jsdt.core,1.0.201.v2010012803,"org.eclipse.wst.jsdt.core",1295429829640
started,bundle,org.eclipse.wst.jsdt.web.core,1.0.201.v201001221931,"org.eclipse.wst.jsdt.web.core",1295429829656
started,bundle,org.eclipse.wst.server.core,1.1.102.v20100123,"org.eclipse.wst.server.core",1295429829656
started,bundle,org.eclipse.wst.server.ui,1.1.103.v20100123,"org.eclipse.wst.server.ui",1295429829656
started,bundle,org.eclipse.wst.sse.core,1.1.402.v201001251516,"org.eclipse.wst.sse.core",1295429829656
started,bundle,org.eclipse.wst.sse.ui,1.1.102.v200910200227,"org.eclipse.wst.sse.ui",1295429829656
started,bundle,org.eclipse.wst.validation,1.2.104.v200911120201,"org.eclipse.wst.validation",1295429829656
started,bundle,org.eclipse.wst.web,1.1.301.v200911302230,"org.eclipse.wst.web",1295429829656
started,bundle,org.eclipse.wst.wsdl.validation,1.1.402.v200911251542,"org.eclipse.wst.wsdl.validation",1295429829656
started,bundle,org.eclipse.wst.xml.core,1.1.402.v201001222130,"org.eclipse.wst.xml.core",1295429829656
started,bundle,org.eclipse.wst.xml.ui,1.1.2.v201001222130,"org.eclipse.wst.xml.ui",1295429829656
started,bundle,com.google.appengine.eclipse.core,1.3.3.v201006111302,"com.google.appengine.eclipse.core",1295429829656
started,bundle,com.google.gdt.eclipse.core,1.3.3.v201006111302,"com.google.gdt.eclipse.core",1295429829656
started,bundle,com.google.gdt.eclipse.platform.e35,1.3.3.v201006111302,"com.google.gdt.eclipse.platform.e35",1295429829656
started,bundle,com.google.gdt.eclipse.platform.shared,1.3.3.v201006111302,"com.google.gdt.eclipse.platform.shared",1295429829656
started,bundle,com.google.gdt.eclipse.suite,1.3.3.v201006111302,"com.google.gdt.eclipse.suite",1295429829656
started,bundle,com.google.gwt.eclipse.core,1.3.3.v201006111302,"com.google.gwt.eclipse.core",1295429829656
started,bundle,org.eclipse.epp.usagedata.gathering,1.1.1.R201001291118,"org.eclipse.epp.usagedata.gathering",1295429829656
started,bundle,org.eclipse.epp.usagedata.recording,1.1.1.R201001291118,"org.eclipse.epp.usagedata.recording",1295429829656
started,bundle,org.eclipse.m2m.atl.adt.ui,3.0.2.v201001190421,"org.eclipse.m2m.atl.adt.ui",1295429829656
os,sysinfo,,,"win32",1295429829671
arch,sysinfo,,,"x86",1295429829671
ws,sysinfo,,,"win32",1295429829671
locale,sysinfo,,,"it_IT",1295429829671
processors,sysinfo,,,"2",1295429829671
java.runtime.name,sysinfo,,,"Java(TM) SE Runtime Environment",1295429829671
java.runtime.version,sysinfo,,,"1.6.0_20-b02",1295429829671
java.specification.name,sysinfo,,,"Java Platform API Specification",1295429829671
java.specification.vendor,sysinfo,,,"Sun Microsystems Inc.",1295429829671
java.specification.version,sysinfo,,,"1.6",1295429829671
java.vendor,sysinfo,,,"Sun Microsystems Inc.",1295429829671
java.version,sysinfo,,,"1.6.0_20",1295429829671
java.vm.info,sysinfo,,,"mixed mode, sharing",1295429829671
java.vm.name,sysinfo,,,"Java HotSpot(TM) Client VM",1295429829671
java.vm.specification.name,sysinfo,,,"Java Virtual Machine Specification",1295429829671
java.vm.specification.vendor,sysinfo,,,"Sun Microsystems Inc.",1295429829671
java.vm.specification.version,sysinfo,,,"1.0",1295429829671
java.vm.vendor,sysinfo,,,"Sun Microsystems Inc.",1295429829671
java.vm.version,sysinfo,,,"16.3-b01",1295429829671
activated,view,org.eclipse.ui.views.log,1.0.100.v20090527,"org.eclipse.pde.runtime.LogView",1295429833421
activated,view,org.eclipse.jdt.ui,3.5.0.v20090604,"org.eclipse.jdt.ui.PackageExplorer",1295429838250
started,bundle,org.eclipse.wst.html.core,1.1.300.v200903120608,"org.eclipse.wst.html.core",1295429843453
deactivated,workbench,org.eclipse.ui.workbench,3.5.0.I20090603-2000,"",1295429849312
activated,workbench,org.eclipse.ui.workbench,3.5.0.I20090603-2000,"",1295429869234
opened,editor,org.eclipse.ui.editors,3.5.0.v20090527-2000,"org.eclipse.ui.DefaultTextEditor",1295429870421
activated,editor,org.eclipse.ui.editors,3.5.0.v20090527-2000,"org.eclipse.ui.DefaultTextEditor",1295429870671
activated,view,org.eclipse.jdt.ui,3.5.0.v20090604,"org.eclipse.jdt.ui.PackageExplorer",1295429878234
deactivated,workbench,org.eclipse.ui.workbench,3.5.0.I20090603-2000,"",1295429895531
activated,workbench,org.eclipse.ui.workbench,3.5.0.I20090603-2000,"",1295429924984
deactivated,workbench,org.eclipse.ui.workbench,3.5.0.I20090603-2000,"",1295429926281
started,bundle,net.sf.amateras.air,1.0.3,"net.sf.amateras.air",1295429986921
activated,workbench,org.eclipse.ui.workbench,3.5.0.I20090603-2000,"",1295430094312
started,bundle,org.eclipse.jdt.debug,3.5.0.v20090526,"org.eclipse.jdt.debug",1295430104156
started,bundle,org.eclipse.jdt.debug.ui,3.4.0.v20090527,"org.eclipse.jdt.debug.ui",1295430104265
started,bundle,org.eclipse.acceleo.ide.ui,0.8.1.v200909161003,"org.eclipse.acceleo.ide.ui",1295430104312
deactivated,workbench,org.eclipse.ui.workbench,3.5.0.I20090603-2000,"",1295430106718
activated,workbench,org.eclipse.ui.workbench,3.5.0.I20090603-2000,"",1295430107671
closed,workbench,org.eclipse.ui.workbench,3.5.0.I20090603-2000,"",1295430107953
started,bundle,org.eclipse.gef,3.5.1.v20090910-2020,"org.eclipse.gef",1295430108187
started,bundle,org.jboss.tools.flow.common,1.0.0.v200907072256,"org.jboss.tools.flow.common",1295430108187
stopped,bundle,org.eclipse.jst.ws.axis.creation.ui,1.0.406.v200903031852,"org.eclipse.jst.ws.axis.creation.ui",1295430108453
stopped,bundle,org.eclipse.jst.ws.axis.consumption.ui,1.0.405.v200901261650,"org.eclipse.jst.ws.axis.consumption.ui",1295430108453
stopped,bundle,org.eclipse.jst.ws.axis.consumption.core,1.0.306.v200810082309,"org.eclipse.jst.ws.axis.consumption.core",1295430108453
stopped,bundle,org.eclipse.jst.ws.axis2.creation.ui,1.0.103.v200807162242,"org.eclipse.jst.ws.axis2.creation.ui",1295430108468
stopped,bundle,org.eclipse.jst.ws.axis2.consumption.ui,1.0.102.v200807232000,"org.eclipse.jst.ws.axis2.consumption.ui",1295430108468
stopped,bundle,org.eclipse.jst.ws.axis2.creation.core,1.0.105.v200901220134,"org.eclipse.jst.ws.axis2.creation.core",1295430108468
stopped,bundle,org.eclipse.jst.ws.axis2.consumption.core,1.0.104.v200810151442,"org.eclipse.jst.ws.axis2.consumption.core",1295430108468
stopped,bundle,org.eclipse.jst.ws.axis2.ui,1.0.302.v200905260749,"org.eclipse.jst.ws.axis2.ui",1295430108468
stopped,bundle,org.eclipse.jst.ws.axis2.core,1.0.104.v200810151442,"org.eclipse.jst.ws.axis2.core",1295430108468
stopped,bundle,org.eclipse.jst.ws.uddiregistry,1.0.400.v200901261650,"org.eclipse.jst.ws.uddiregistry",1295430108468
stopped,bundle,org.eclipse.jst.ws.creation.ui,1.0.409.v200911241856,"org.eclipse.jst.ws.creation.ui",1295430108468
stopped,bundle,org.eclipse.jst.ws.consumption.ui,1.1.106.v200911241851,"org.eclipse.jst.ws.consumption.ui",1295430108468
stopped,bundle,org.eclipse.jst.ws.ui,1.0.402.v200903111822,"org.eclipse.jst.ws.ui",1295430108468
stopped,bundle,org.eclipse.jst.ws.consumption,1.0.408.v200911241817,"org.eclipse.jst.ws.consumption",1295430108468
stopped,bundle,org.eclipse.jst.ws,1.0.407.v200905191120,"org.eclipse.jst.ws",1295430108468
stopped,bundle,org.eclipse.wst.wsdl.ui,1.2.202.v200904271449,"org.eclipse.wst.wsdl.ui",1295430108484
stopped,bundle,org.eclipse.wst.ws.explorer,1.0.408.v200911241806,"org.eclipse.wst.ws.explorer",1295430108484
stopped,bundle,org.eclipse.wst.ws.ui,1.1.100.v200903112221,"org.eclipse.wst.ws.ui",1295430108484
stopped,bundle,org.eclipse.wst.wsi.ui,1.0.500.v200901141851,"org.eclipse.wst.wsi.ui",1295430108484
stopped,bundle,org.eclipse.wst.wsi,1.0.305.v200902181431,"org.eclipse.wst.wsi",1295430108484
stopped,bundle,org.eclipse.wst.ws,1.1.103.v200903111822,"org.eclipse.wst.ws",1295430108484
stopped,bundle,org.eclipse.jst.j2ee.webservice.ui,1.1.300.v200902052230,"org.eclipse.jst.j2ee.webservice.ui",1295430108484
stopped,bundle,org.eclipse.jst.j2ee.webservice,1.1.300.v200901220600,"org.eclipse.jst.j2ee.webservice",1295430108484
stopped,bundle,org.eclipse.wst.ws.parser,1.0.402.v200901220107,"org.eclipse.wst.ws.parser",1295430108484
stopped,bundle,org.eclipse.emf.teneo.eclipselink.ui,1.0.0.v200909151729,"org.eclipse.emf.teneo.eclipselink.ui",1295430108484
stopped,bundle,org.eclipse.emf.teneo.eclipselink,1.0.0.v200909151729,"org.eclipse.emf.teneo.eclipselink",1295430108484
stopped,bundle,commonj.sdo,2.1.1.v200905221342,"commonj.sdo",1295430108484
activated,perspective,org.eclipse.pde.ui,,"org.eclipse.pde.ui.PDEPerspective",1295430171562
started,bundle,org.eclipse.osgi,3.5.0.v20090520,"org.eclipse.osgi",1295430171578
started,bundle,org.eclipse.equinox.simpleconfigurator,1.0.100.v20090520-1905,"org.eclipse.equinox.simpleconfigurator",1295430171578
started,bundle,com.ibm.icu,4.0.1.v20090415,"com.ibm.icu",1295430171578
started,bundle,net.sf.eclipsecs.core,5.0.3.200911042225,"net.sf.eclipsecs.core",1295430171578
started,bundle,net.sf.eclipsecs.ui,5.0.3.200911042225,"net.sf.eclipsecs.ui",1295430171578
started,bundle,org.eclipse.compare.core,3.5.0.I20090430-0408,"org.eclipse.compare.core",1295430171578
started,bundle,org.eclipse.core.contenttype,3.4.0.v20090429-1800,"org.eclipse.core.contenttype",1295430171578
started,bundle,org.eclipse.core.databinding.observable,1.2.0.I20090604-2000,"org.eclipse.core.databinding.observable",1295430171578
started,bundle,org.eclipse.core.expressions,3.4.100.v20090429-1800,"org.eclipse.core.expressions",1295430171578
started,bundle,org.eclipse.core.filebuffers,3.5.0.v20090526-2000,"org.eclipse.core.filebuffers",1295430171578
started,bundle,org.eclipse.core.filesystem,1.2.0.v20090507,"org.eclipse.core.filesystem",1295430171578
started,bundle,org.eclipse.core.jobs,3.4.100.v20090429-1800,"org.eclipse.core.jobs",1295430171578
started,bundle,org.eclipse.core.net,1.2.0.I20090522-1010,"org.eclipse.core.net",1295430171578
started,bundle,org.eclipse.core.resources,3.5.0.v20090512,"org.eclipse.core.resources",1295430171578
started,bundle,org.eclipse.core.runtime,3.5.0.v20090525,"org.eclipse.core.runtime",1295430171593
started,bundle,org.eclipse.core.runtime.compatibility,3.2.0.v20090413,"org.eclipse.core.runtime.compatibility",1295430171593
started,bundle,org.eclipse.core.runtime.compatibility.auth,3.2.100.v20090413,"org.eclipse.core.runtime.compatibility.auth",1295430171593
started,bundle,org.eclipse.core.variables,3.2.200.v20090521,"org.eclipse.core.variables",1295430171593
started,bundle,org.eclipse.debug.core,3.5.0.v20090526-1600,"org.eclipse.debug.core",1295430171593
started,bundle,org.eclipse.ecf,3.0.0.v20090604-1131,"org.eclipse.ecf",1295430171593
started,bundle,org.eclipse.ecf.filetransfer,3.0.0.v20090604-1131,"org.eclipse.ecf.filetransfer",1295430171593
started,bundle,org.eclipse.ecf.identity,3.0.0.v20090604-1131,"org.eclipse.ecf.identity",1295430171593
started,bundle,org.eclipse.ecf.provider.filetransfer,3.0.0.v20090604-1131,"org.eclipse.ecf.provider.filetransfer",1295430171593
started,bundle,org.eclipse.ecf.provider.filetransfer.httpclient,3.0.0.v20090604-1131,"org.eclipse.ecf.provider.filetransfer.httpclient",1295430171593
started,bundle,org.eclipse.emf.common,2.5.0.v200906151043,"org.eclipse.emf.common",1295430171593
started,bundle,org.eclipse.emf.ecore,2.5.0.v200906151043,"org.eclipse.emf.ecore",1295430171593
started,bundle,org.eclipse.emf.ecore.xmi,2.5.0.v200906151043,"org.eclipse.emf.ecore.xmi",1295430171593
started,bundle,org.eclipse.emf.mapping.ecore2xml,2.5.0.v200906151043,"org.eclipse.emf.mapping.ecore2xml",1295430171593
started,bundle,org.eclipse.equinox.app,1.2.0.v20090520-1800,"org.eclipse.equinox.app",1295430171593
started,bundle,org.eclipse.equinox.common,3.5.0.v20090520-1800,"org.eclipse.equinox.common",1295430171609
started,bundle,org.eclipse.equinox.ds,1.1.0.v20090601,"org.eclipse.equinox.ds",1295430171609
started,bundle,org.eclipse.equinox.frameworkadmin,1.0.100.v20090520-1905,"org.eclipse.equinox.frameworkadmin",1295430171609
started,bundle,org.eclipse.equinox.frameworkadmin.equinox,1.0.100.v20090520-1905,"org.eclipse.equinox.frameworkadmin.equinox",1295430171609
started,bundle,org.eclipse.equinox.p2.core,1.0.100.v20090520-1905,"org.eclipse.equinox.p2.core",1295430171609
started,bundle,org.eclipse.equinox.p2.director,1.0.100.v20090520-1905,"org.eclipse.equinox.p2.director",1295430171609
started,bundle,org.eclipse.equinox.p2.directorywatcher,1.0.100.v20090525,"org.eclipse.equinox.p2.directorywatcher",1295430171609
started,bundle,org.eclipse.equinox.p2.engine,1.0.100.v20090525,"org.eclipse.equinox.p2.engine",1295430171609
started,bundle,org.eclipse.equinox.p2.exemplarysetup,1.0.100.v20090520-1905,"org.eclipse.equinox.p2.exemplarysetup",1295430171609
started,bundle,org.eclipse.equinox.p2.garbagecollector,1.0.100.v20090520-1905,"org.eclipse.equinox.p2.garbagecollector",1295430171609
started,bundle,org.eclipse.equinox.p2.metadata.repository,1.0.100.v20090525,"org.eclipse.equinox.p2.metadata.repository",1295430171609
started,bundle,org.eclipse.equinox.p2.reconciler.dropins,1.0.100.v20090520-1905,"org.eclipse.equinox.p2.reconciler.dropins",1295430171609
started,bundle,org.eclipse.equinox.p2.repository,1.0.0.v20090601-1921,"org.eclipse.equinox.p2.repository",1295430171609
started,bundle,org.eclipse.equinox.p2.ui.sdk.scheduler,1.0.0.v20090520-1905,"org.eclipse.equinox.p2.ui.sdk.scheduler",1295430171609
started,bundle,org.eclipse.equinox.p2.updatechecker,1.1.0.v20090520-1905,"org.eclipse.equinox.p2.updatechecker",1295430171609
started,bundle,org.eclipse.equinox.preferences,3.2.300.v20090520-1800,"org.eclipse.equinox.preferences",1295430171609
started,bundle,org.eclipse.equinox.registry,3.4.100.v20090520-1800,"org.eclipse.equinox.registry",1295430171625
started,bundle,org.eclipse.equinox.security,1.0.100.v20090520-1800,"org.eclipse.equinox.security",1295430171625
started,bundle,org.eclipse.equinox.security.ui,1.0.100.v20090520-1800,"org.eclipse.equinox.security.ui",1295430171625
started,bundle,org.eclipse.equinox.simpleconfigurator.manipulator,1.0.100.v20090520-1905,"org.eclipse.equinox.simpleconfigurator.manipulator",1295430171625
